Heinrich Ernst,Kayser
Rodolphe,Kreutzer
Jacques Féréol,Mazas
Niccolò,Paganini
Henryk,Wieniawski
Federigo,Fiorillo
Jakob,Dont
Pierre,Rode
Pierre,Gaviniès
Josephine,Trott
Otakar,Sevcik
Heinrich Wilhelm,Ernst
Charles,Dancla
Egon,Sassmannshaus
Henry,Schradieck
Ivan,Galamian
Charles Auguste,de Bériot
Johann Sebastian,Bach
George Frideric,Handel
Wolfgang Amadeus,Mozart
Ludwig van,Beethoven
Franz,Schubert
Johannes,Brahms
Frédéric,Chopin
Antonio,Vivaldi
Samuel,Barber
Felix,Mendelssohn
Aram,Khachaturian
Alexander,Glazunov
Antonín,Dvořák
Max,Bruch
Franz,Wohlfahrt
