spiccato,placeholder,placeholder
accents,placeholder,placeholder
second position,placeholder,placeholder
slurs,placeholder,placeholder
retain position,placeholder,placeholder
marcato,placeholder,placeholder
portato,placeholder,placeholder
extreme positions,placeholder,placeholder
octaves,placeholder,placeholder
grace notes,placeholder,placeholder
octave trills,placeholder,placeholder
runs,placeholder,placeholder
thirds,placeholder,placeholder
arpeggiated ricochet,placeholder,placeholder
string crossings,placeholder,placeholder
chromatic neighbors,placeholder,placeholder
forte-piano,placeholder,placeholder
shifting,placeholder,placeholder
sul a,placeholder,placeholder
chromatic scales,placeholder,placeholder
ricochet arpeggios,placeholder,placeholder
ricochet,placeholder,placeholder
tenths,placeholder,placeholder
glissando,placeholder,placeholder
double stops,placeholder,placeholder
detaché,placeholder,placeholder
hand frame,placeholder,placeholder
sautillé,placeholder,placeholder
left hand articulation,placeholder,placeholder
arpeggios,placeholder,placeholder
tremolo,placeholder,placeholder
upbow staccato,placeholder,placeholder
hooked staccato,placeholder,placeholder
uneven bowing patterns,placeholder,placeholder
double artificial harmonics,placeholder,placeholder
sul g,placeholder,placeholder
third position,placeholder,placeholder
left hand pizzicato,placeholder,placeholder
martelé,placeholder,placeholder
legato,placeholder,placeholder
hooked spiccato,placeholder,placeholder
bow distribution,placeholder,placeholder
large string crossings,placeholder,placeholder
polyphony,placeholder,placeholder
sul d,placeholder,placeholder
downbow staccato,placeholder,placeholder
bariolage,placeholder,placeholder
trills,placeholder,placeholder
compound melody,placeholder,placeholder
sforzando,placeholder,placeholder
double trills,placeholder,placeholder
extensions,placeholder,placeholder
staccato,placeholder,placeholder
metrically offset slurs,placeholder,placeholder
chords,placeholder,placeholder
unisons,placeholder,placeholder
sixths,placeholder,placeholder
artificial harmonics,placeholder,placeholder
fingered octaves,placeholder,placeholder
